Code,Paper Name,Credits
ES101,Programming in ‘C’,3
BS103,Applied Chemistry,3
BS105,Applied Physics I,3
ES107,Electrical Science,3
BS109,Environmental Studies,3
BS111,Applied Mathematics I,4
HS113,Communication Skills,3
HS115,Indian Constitution,2
HS117,Human Values and Ethics,1
ES119,Manufacturing Process,4
BS151,Physics I Lab,1
ES153,Programming in ‘C’ Lab,1
BS155,Applied Chemistry Lab,1
ES157,Engineering Graphics I,2
ES159,Electrical Science Lab,1
BS161,Environmental Studies Lab,1
ES102,Programming in ‘C’,3
BS104,Applied Chemistry,3
BS106,Applied Physics II,3
ES108,Electrical Science,3
BS110,Environmental Studies,3
BS112,Applied Mathematics II,4
HS114,Communication Skills,3
HS116,Indian Constitution,2
HS118,Human Values and Ethics,1
ES114,Engineering Mechanics,3
BS152,Physics II Lab,1
ES154,Programming in ‘C’ Lab,1
BS156,Applied Chemistry Lab,1
ES158,Engineering Graphics II,1
ES160,Electrical Science Lab,1
BS162,Environmental Studies Lab,1
ES164,Workshop Practice,2
ES201,Computational Methods,4
HS203,Indian Knowledge System,2
CIC205,Discrete Mathematics,4
ECC207,Digital Logic and Computer Design,4
CIC209,Data Structures,4
CIC211,Object Oriented Programming using C++,4
ES251,Computational Methods Lab,1
ECC253,Digital Logic and Computer Design Lab,1
CIC255,Data Structures Lab,1
CIC257,Object Oriented Programming using C++ Lab,1
BS202,"Probability Statistics and Linear Programming",4
HS204,Technical Writing,2
CIC206,Theory of Computation,4
EEC208,Circuits and Systems,4
CIC210,Database Management Systems,4
CIC212,Programming in Java,4
BS252,"Probability Statistics and Linear Programming Lab",1
EEC254,Circuits and Systems Lab,1
CIC256,Database Management Systems Lab,1
CIC258,Programming in Java Lab,1
HS301,Economics for Engineers,2
CIC303,Compiler Design,3
CIC305,Operating Systems,4
CIC307,Computer Networks,4
CIC309,Software Engineering,3
CIC311,Design and Analysis of Algorithm,4
CIC351,Compiler Design Lab,1
CIC353,Operating Systems Lab,1
CIC355,Computer Networks Lab,1
CIC357,Software Engineering Lab,1
CIC359,Design and Analysis of Algorithm Lab,1
ES361,Summer Training Report 1,1
MS302,Principles of Management for Engineers,3
HS304,Universal Human Values,1
PCE1,Programme Core Elective Paper 1,4
PCE2,Programme Core Elective Paper 2,4
PCE3,Programme Core Elective Paper 3,4
EAE1,Emerging Area,4
EAE2,Emerging Area,4
HS352,NSS / NCC / Cultural Clubs / Technical Society,2
MS401,Principles of Entrepreneurship Mindset,2
PCE4,Programme Core Elective Paper 4,4
PCE5,Programme Core Elective Paper 5,4
EAE3,Emerging Area,4
EAE4,Emerging Area,4
EAE5,Emerging Area,4
ES451,Minor Project,3
ES453,Summer Training Report 2,1
ES452,Major Project Dissertation and Viva Voce,18
ES454,Project Progress Evaluation,2
ES456,Internship Report and Viva Voce,18
ES458,Internship Progress Evaluation,2
CIE306T,Advanced Java Programming,3
CIE306P,Advanced Java Programming Lab,1
CIE308T,Visual Basic .NET Programming,3
CIE308P,Visual Basic .NET Programming Lab,1
CIE312,Engineering Optimization,4
CIE320,Principles of Programming Languages,4
CIE322T,Simulation and Modelling,3
CIE322P,Simulation and Modelling Lab,1
CIE330T,Introduction to Internet of Things,3
CIE330P,Introduction to Internet of Things Lab,1
CIE332T,Programming in Python,3
CIE332P,Programming in Python Lab,1
CIE334,Quantum Computing,4
CIE338T,Graph Theory for Computer Science,3
CIE338P,Graph Theory for Computer Science Lab,1
CIE348T,Software Project Management,3
CIE348P,Software Project Management Lab,1
CIE354T,Introduction to Digital Signal Processing,3
CIE354P,Introduction to Digital Signal Processing Lab,1
CIE356T,Web Technologies,3
CIE356P,Web Technologies Lab,1
CIE368T,Mobile Computing,3
CIE368P,Mobile Computing Lab,1
CIE370T,Parallel Computing,3
CIE370P,Parallel Computing Lab,1
CIE374T,Artificial Intelligence,3
CIE374P,Artificial Intelligence Lab,1
CIE403T,Blockchain Technology,3
CIE403P,Blockchain Technology Lab,1
CIE405T,Data Science,3
CIE405P,Data Science Lab,1
CIE407T,Distributed Systems and Cloud Computing,3
CIE407P,Distributed Systems and Cloud Computing Lab,1
CIE409T,Social Network Analysis and Sentiment Analysis,3
CIE409P,Social Network Analysis and Sentiment Analysis Lab,1
CIE413T,Next Generation Web,3
CIE413P,Next Generation Web Lab,1
CIE417T,C#.NET Programming,3
CIE417P,C#.NET Programming Lab,1
CIE419,Intellectual Property Rights,4
CIE421T,Machine Learning,3
CIE421P,Machine Learning Lab,1
CIE425T,Data Warehousing and Data Mining,3
CIE425P,Data Warehousing and Data Mining Lab,1
CIE431T,Web Mining,3
CIE431P,Web Mining Lab,1
CIE314,Advanced Computer Architecture,4
CIE316,Database Modelling and Design,4
CIE328T,Analog and Digital Communications,3
CIE328P,Analog and Digital Communications Lab,1
CIE336,E Commerce and M Commerce,4
CIE344T,Object Oriented Analysis and Design using UML,3
CIE344P,Object Oriented Analysis and Design using UML Lab,1
CIE360T,Introduction to Information and Communication Theory,3
CIE360P,Introduction to Information and Communication Theory Lab,1
CIE366T,Middleware Technologies,3
CIE366P,Middleware Technologies Lab,1
CIE415T,Wireless Communication and Networks,3
CIE415P,Wireless Communication and Networks Lab,1
CIE427,Introduction to Mobile Ad Hoc Networks,4
CIE310T,Advanced DBMS,3
CIE310P,Advanced DBMS Lab,1
CIE324,Software Testing,4
CIE340,IT Project Management,4
CIE346T,Service Oriented Architecture,3
CIE346P,Service Oriented Architecture Lab,1
CIE358T,Human Computer Interface,3
CIE358P,Human Computer Interface Lab,1
CIE372T,Software Requirements and Estimation,3
CIE372P,Software Requirements and Estimation Lab,1
CIE411T,Computer Graphics and Multimedia Technologies,3
CIE411P,Computer Graphics and Multimedia Technologies Lab,1
CIE423T,Data Visualization,3
CIE423P,Data Visualization Lab,1
CIE318T,Network Security and Cryptography,3
CIE318P,Network Security and Cryptography Lab,1
CIE326T,VHDL Programming,3
CIE326P,VHDL Programming Lab,1
CIE342T,Multimedia Technologies,3
CIE342P,Multimedia Technologies Lab,1
CIE350,Windows System Administration,4
CIE362T,Linux System Administration,3
CIE362P,Linux System Administration Lab,1
CIE364T,Microprocessors and Interfacing,3
CIE364P,Microprocessors and Interfacing Lab,1
CIE429T,Web Intelligence and Big Data Analytics,3
CIE429P,Web Intelligence and Big Data Analytics Lab,1
ECC205,Signals and Systems,3
ECC209,Analog Communications,4
ECC211,Analog Electronics I,4
ECC255,Analog Communications Lab,1
ECC257,Analog Electronics I Lab,1
ECC259,Signals and Systems Lab,1
EEC206,Network Analysis and Synthesis,3
EEC210,Microprocessors and Microcontrollers,3
EEC212,Digital Communications,3
EEC214,Analog Electronics II,3
EEC216,Electromagnetic Field Theory,3
EEC256,Microprocessors and Microcontrollers Lab,1
EEC258,Digital Communications Lab,1
EEC260,Analog Electronics II Lab,1
EEC262,Network Analysis and Synthesis Lab,1
ECC303,Digital Signal Processing,4
ECC305,Microelectronics,3
EEC307,Introduction to Control Systems,3
ECC309,"Transmission Lines, Waveguides and Antenna Design",4
ECC311,Data Communication and Networking,4
ECC351,Digital Signal Processing Lab,1
ECC353,Microelectronics Lab,1
ECC355,Introduction to Control Systems Lab,1
ECC357,"Transmission Lines, Waveguides and Antenna Design Lab",1
ECC359,Data Communication and Networking Lab,1
EAE1 / OAE1,Emerging Area or Open Area Elective Paper 1,4
EAE2 / OAE2,Emerging Area or Open Area Elective Paper 2,4
EAE3 / OAE3,Emerging Area or Open Area Elective Paper 3,4
EAE4 / OAE4,Emerging Area or Open Area Elective Paper 4,4
EAE5 / OAE5,Emerging Area or Open Area Elective Paper 5,4
ECE306T,VHDL Programming,3
ECE306P,VHDL Programming Lab,1
ECE308T,Digital Image Processing,3
ECE308P,Digital Image Processing Lab,1
ECE310,Mobile Communication,4
ECE312T,Advanced Microprocessors and Microcontroller,3
ECE312P,Advanced Microprocessors and Microcontroller Lab,1
ECE314T,RF and Microwave Engineering,3
ECE314P,RF and Microwave Engineering Lab,1
ECE316T,Mobile Computing,3
ECE316P,Mobile Computing Lab,1
ECE318T,Artificial Intelligence,3
ECE318P,Artificial Intelligence Lab,1
ECE320T,Electronic Measurements,3
ECE320P,Electronic Measurements Lab,1
ECE322T,Fabrication Technology,3
ECE322P,Fabrication Technology Lab,1
ECE324,Multimedia Communication,4
ECE326T,Optical Communication Systems and Networks,3
ECE326P,Optical Communication Systems and Networks Lab,1
ECE328,Advanced Computer Architecture,4
ECE330T,Antenna Design and Radiating Systems,3
ECE330P,Antenna Design and Radiating Systems Lab,1
ECE332,Introduction to Information and Coding Theory,4
ECE334T,Random Processes and Stochastic Systems,3
ECE334P,Random Processes and Stochastic Systems Lab,1
ECE336T,Radio and Television Engineering,3
ECE336P,Radio and Television Engineering Lab,1
ECE338T,CMOS Analog Integrated Circuit Design,3
ECE338P,CMOS Analog Integrated Circuit Design Lab,1
ECE340T,Wavelets,3
ECE340P,Wavelets Lab,1
ECE342T,Wireless Sensor Networks,3
ECE342P,Wireless Sensor Networks Lab,1
ECE344T,Embedded System Architecture and Design,3
ECE344P,Embedded System Architecture and Design Lab,1
ECE346,Solid State Microwave Device and their Application,4
ECE348,Radar and Satellite Communications,4
ECE350T,Machine Learning,3
ECE350P,Machine Learning Lab,1
ECE354T,Introduction to Power Electronics,3
ECE354P,Introduction to Power Electronics Lab,1
ECE403T,RF Components and Circuit Design,3
ECE403P,RF Components and Circuit Design Lab,1
ECE405T,Pattern Recognition,3
ECE405P,Pattern Recognition Lab,1
ECE407,Next Generation Networks,4
ECE409T,Micro Electromechanical Systems (MEMS) and Sensors,3
ECE409P,Micro Electromechanical Systems (MEMS) and Sensors Lab,1
ECE411T,Fuzzy Logic and Neural Networks,3
ECE411P,Fuzzy Logic and Neural Networks Lab,1
ECE413T,Ad hoc and Sensor Networks,3
ECE413P,Ad hoc and Sensor Networks Lab,1
ECE415,Engineering Optimization,4
ECE417T,Optoelectronics Devices,3
ECE417P,Optoelectronics Devices Lab,1
ECE435T,Logic Design and Analysis using Verilog,3
ECE435P,Logic Design and Analysis using Verilog Lab,1
ECE419T,Low Power VLSI Design,3
ECE419P,Low Power VLSI Design Lab,1
ECE421T,"Medical Image Processing, Analysis and Reconstruction",3
ECE421P,"Medical Image Processing, Analysis and Reconstruction Lab",1
ECE423T,Network Security and Cryptography,3
ECE423P,Network Security and Cryptography Lab,1
ECE425,Real Time Operating Systems,4
ECE427T,Smart Antennas,3
ECE427P,Smart Antennas Lab,1
ECE429T,Introduction to Internet of Things,3
ECE429P,Introduction to Internet of Things Lab,1
ECE431T,Nature Inspired Biological Optimization Techniques,3
ECE431P,Nature Inspired Biological Optimization Techniques Lab,1
ECE433,Introduction to Robotics Engineering,4
ECC209,Electrical Materials,3
ECC211,Electrical Machines I,4
ECC213,Electromagnetic Field Theory,3
ECC215,Electronics I,3
ECC257,Electrical Machines I Lab,1
ECC259,Electrical Engineering Workshop,1
ECC261,Electronics I Lab,1
EEC210,Electrical Machines II,4
EEC212,Power Systems I,4
EEC218,Electronics II,4
EEC256,Electrical Machines II Lab,1
EEC260,Power Systems I Lab,1
EEC264,Electronics II Lab,1
ECC303,Power Systems II,4
EEC305,Electrical and Electronics Measuring Instruments,4
EEC309,Power Electronics,4
ECC313,Microprocessors and Microcontrollers,3
ECC351,Power Systems II Lab,1
ECC353,Electrical and Electronics Measuring Instruments Lab,1
ECC357,Power Electronics Lab,1
ECC363,Microprocessors and Microcontrollers Lab,1
EEE308,Artificial Intelligence and Machine Learning for Electrical Systems,4
EEE310T,Bio Medical Instrumentation,3
EEE310P,Bio Medical Instrumentation Lab,1
EEE312T,Introduction to Digital Signal Processing,3
EEE312P,Introduction to Digital Signal Processing Lab,1
EEE318,Stochastic Processes and Systems,4
EEE320T,Utilization of Electrical Energy,3
EEE320P,Utilization of Electrical Energy Lab,1
EEE358,Electrical Power Generation Systems,4
EEE322T,Computer Aided Electrical Machine Design,3
EEE322P,Computer Aided Electrical Machine Design Lab,1
EEE324T,Introduction to Data Communication and Networking,3
EEE324P,Introduction to Data Communication and Networking Lab,1
EEE326T,Discrete Control Systems,3
EEE326P,Discrete Control Systems Lab,1
EEE334T,Research Methodology for Electrical and Electronics Engineering,3
EEE334P,Research Methodology for Electrical and Electronics Engineering Lab,1
EEE336T,"Introduction to Transmission Lines, Waveguides and Antenna Design",3
EEE336P,"Introduction to Transmission Lines, Waveguides and Antenna Design Lab",1
EEE340T,Electric Drives,3
EEE340P,Electric Drives Lab,1
EEE356T,Optimization using Controllers,3
EEE356P,Optimization using Controllers Lab,1
EEE360,Process Control,4
EEE362T,VLSI,3
EEE362P,VLSI Lab,1
EEE364T,Systems Design and Simulation,3
EEE364P,Systems Design and Simulation Lab,1
EEE366,Introduction to Information and Coding Theory,4
EEE403,Electricity Distribution Schemes and Policies,4
EEE405T,Mathematical Analysis of Complex Systems,3
EEE405P,Mathematical Analysis of Complex Systems Lab,1
EEE407,Renewable Energy and Policies,4
EEE409T,Solid State Drives,3
EEE409P,Solid State Drives Lab,1
EEE411T,Switchgear and Protection,3
EEE411P,Switchgear and Protection Lab,1
EEE413T,Digital Image Processing,3
EEE413P,Digital Image Processing Lab,1
EEE421T,e Mobility,3
EEE421P,e Mobility Lab,1
EEE423,Energy Conservation Schemes,4
EEE425,Energy Economics and Policies,4
EEE427,High Voltage Engineering,4
EEE429T,Mathematical Model for Reliability of Transmission and Distribution,3
EEE429P,Mathematical Model for Reliability of Transmission and Distribution Lab,1
EEE431,Smart Grid and Distributed Generation,4
EEE433T,Systems Restructuring for Optimization,3
EEE433P,Systems Restructuring for Optimization Lab,1
EEC209,Electrical Materials,3
EEC211,Electrical Machines I,4
EEC257,Electrical Machines I Lab,1
EEC259,Electrical Engineering Workshop,1
ECC218,Electronics II,4
ECC264,Electronics II Lab,1
EEC303,Power Systems II,4
EEC351,Power Systems II Lab,1
EEC353,Electrical and Electronics Measuring Instruments Lab,1
EEC355,Introduction to Control Systems Lab,1
EEC357,Power Electronics Lab,1
EEE306T,Analog and Digital Communications,3
EEE306P,Analog and Digital Communications Lab,1
EEE314,Powerline Carrier Communication,4
EEE330,Nano Electronics,4
EEE332,Opto Electronics,4
EEE338T,Digital Systems Design,3
EEE338P,Digital Systems Design Lab,1
EEE354,Electrical Power Generation Systems,4
EEE415T,Wireless Sensor Networks,3
EEE415P,Wireless Sensor Networks Lab,1
EEE417T,Advanced Semiconductor Devices,3
EEE417P,Advanced Semiconductor Devices Lab,1
EEE419T,Communication Systems Analysis,3
EEE419P,Communication Systems Analysis Lab,1
MEC205,Theory of Machines,4
MEC207,Strength of Materials,4
MEC209,Manufacturing Science and Technology I,4
MEC211,Thermal Engineering I,4
MEC253,Theory of Machines Lab,1
MEC255,Strength of Materials Lab,1
MEC257,Thermal Engineering I Lab,1
MEC259,Manufacturing Science and Technology I Lab,1
MEC206,Manufacturing Science and Technology II,4
MEC208,Material Science and Metallurgy,4
MEC210,Thermal Engineering II,4
MEC212,Machine Design I,4
MEC254,Manufacturing Science and Technology II Lab,1
MEC256,Thermal Engineering II Lab,1
MEC258,Machine Design I Lab,1
MEC303,Machine Design II,3
MEC305,Fluid Mechanics and Hydraulic Machines,4
MEC307,Metrology and Instrumentation,3
MEC309,Industrial Engineering,4
MEC311,Heat and Mass Transfer,4
MEC351,Machine Design II Lab,1
MEC353,Fluid Mechanics and Hydraulic Machines Lab,1
MEC355,Metrology and Instrumentation Lab,1
MEC357,Heat and Mass Transfer Lab,1
MEE306T,Automobile Engineering and Electric Vehicles,3
MEE306P,Automobile Engineering and Electric Vehicles Lab,1
MEE308T,Turbomachines,3
MEE308P,Turbomachines Lab,1
MEE310T,Finite Element Methods,3
MEE310P,Finite Element Methods Lab,1
MEE312T,IC Engines and Gas Turbines,3
MEE312P,IC Engines and Gas Turbines Lab,1
MEE314T,Gas Dynamics and Jet Propulsion,3
MEE314P,Gas Dynamics and Jet Propulsion Lab,1
MEE316T,Refrigeration and Air Conditioning,3
MEE316P,Refrigeration and Air Conditioning Lab,1
MEE318T,Power Plant Engineering,3
MEE318P,Power Plant Engineering Lab,1
MEE320T,Mechanical Vibrations,3
MEE320P,Mechanical Vibrations Lab,1
MEE322T,Reliability and Maintenance Engineering,3
MEE322P,Reliability and Maintenance Engineering Lab,1
MEE324T,Advanced Machine Design,3
MEE324P,Advanced Machine Design Lab,1
MEE326T,Introduction to CAD CAM,3
MEE326P,Introduction to CAD CAM Lab,1
MEE328T,Robotics Engineering,3
MEE328P,Robotics Engineering Lab,1
MEE330T,Advanced Material Science and Metallurgy,3
MEE330P,Advanced Material Science and Metallurgy Lab,1
MEE332T,Metal Forming and Press Working,3
MEE332P,Metal Forming and Press Working Lab,1
MEE334T,Advances in Welding and Casting,3
MEE334P,Advances in Welding and Casting Lab,1
MEE336T,System Modeling Simulation and Analysis,3
MEE336P,System Modeling Simulation and Analysis Lab,1
MEE338T,Elastic and Plastic Behaviour of Materials,3
MEE338P,Elastic and Plastic Behaviour of Materials Lab,1
MEE403T,Geometric Modelling and Analysis,3
MEE403P,Geometric Modelling and Analysis Lab,1
MEE405T,Computer Integrated Manufacturing,3
MEE405P,Computer Integrated Manufacturing Lab,1
MEE407T,Control Systems and Applications,3
MEE407P,Control Systems and Applications Lab,1
MEE409T,Rapid Prototyping Tooling and Manufacturing,3
MEE409P,Rapid Prototyping Tooling and Manufacturing Lab,1
MEE411T,Automation in Manufacturing,3
MEE411P,Automation in Manufacturing Lab,1
MEE413T,Strength of Materials II,3
MEE413P,Strength of Materials II Lab,1
MEE415T,Design of Mechanical Drives,3
MEE415P,Design of Mechanical Drives Lab,1
MEE417T,Design of Experiments,3
MEE417P,Design of Experiments Lab,1
MEE419T,Advance Metal Cutting and Tool Design,3
MEE419P,Advance Metal Cutting and Tool Design Lab,1
MEE421T,Design of Mechanical Assemblies,3
MEE421P,Design of Mechanical Assemblies Lab,1
MEE423T,Non Traditional Manufacturing,3
MEE423P,Non Traditional Manufacturing Lab,1
CEC205,Structural Analysis I,4
CEC207,Structural Design I,4
CEC209,Fluid Mechanics,4
CEC211,Geomatics Engineering,4
CEC253,Civil Engineering Drawing Lab,1
CEC255,Fluid Mechanics Lab,1
CEC257,Geomatics Engineering Lab,1
CEC206,Soil Mechanics,4
CEC208,Hydraulics and Hydrology,4
CEC210,Environmental Engineering I,4
CEC212,Transportation Engineering,4
CEC254,Soil Mechanics Lab,1
CEC256,Hydraulics Lab,1
CEC258,Transportation Engineering Lab,1
CEC303,Structural Analysis II,4
CEC305,Structural Design II,3
CEC307,Geotechnical Engineering,4
CEC309,Environmental Engineering II,4
CEC311,Traffic Engineering and Pavement Design,4
CEC351,Structural Design Lab,1
CEC353,Building Material and Concrete Testing Lab,1
CEC355,Geotechnical Engineering Lab,1
CEC357,Environmental Engineering Lab,1
CEE306,Advanced Structural Analysis,4
CEE308,Irrigation Engineering and Design of Hydraulic Structures,4
CEE310,Environmental Impact Assessment,4
CEE312T,Advanced Structural Design,3
CEE312P,Advanced Structural Design Lab,1
CEE314,Water Resource Planning,4
CEE316,Pollution Control and Monitoring,4
CEE318T,Non Destructive Evaluation of Structures,3
CEE318P,Non Destructive Evaluation of Structures Lab,1
CEE320,Open Channel Flow and Sediment Transportation,4
CEE322,Disaster Management,4
CEE403,Recent Construction Technologies,4
CEE405T,Arc GIS and Remote Sensing,3
CEE405P,Arc GIS and Remote Sensing Lab,1
CEE407T,Transport Planning and Intelligent Transportation System,3
CEE407P,Transport Planning and Intelligent Transportation System Lab,1
CEE409,Structural Dynamics,4
CEE411,Lean Construction Technology and Management,4
CEE413T,Advanced Surveying,3
CEE413P,Advanced Surveying Lab,1
AI302T,Artificial Intelligence,3
AI302P,Artificial Intelligence Lab,1
DA304T,"Statistics, Statistical Modelling & Data Analytics",3
DA304P,"Statistics, Statistical Modelling & Data Analytics Lab",1
SC401T,Soft Computing,3
SC401P,Soft Computing Lab,1
AI403T,Artificial Intelligence Applications,3
AI403P,Artificial Intelligence Applications Lab,1
AI405T,Intelligent and Expert Systems,3
AI405P,Intelligent and Expert Systems Lab,1
ML407T,Machine Learning,3
ML407P,Machine Learning Lab,1
ML409T,Reinforcement Learning and Deep Learning,3
ML409P,Reinforcement Learning and Deep Learning Lab,1
ML411T,Pattern Recognition and Computer Vision,3
ML411P,Pattern Recognition and Computer Vision Lab,1
AI316T,Artificial Intelligence and Machine Learning,3
AI316P,Artificial Intelligence and Machine Learning Lab,1
DS427T,Data Science using R,3
DS427P,Data Science using R Lab,1
DS429T,Big Data Analytics,3
DS429P,Big Data Analytics Lab,1
DS431T,Business Intelligence,3
DS431P,Business Intelligence Lab,1
DS433T,Exploratory Data Analytics and Data Visualization,3
DS433P,Exploratory Data Analytics and Data Visualization Lab,1
CS306T,Mathematics of Modern Cryptography,3
CS306P,Mathematics of Modern Cryptography Lab,1
BT308T,Blockchain Technology,3
BT308P,Blockchain Technology Lab,1
BT413T,Bitcoin and Cryptocurrency Technologies,3
BT413P,Bitcoin and Cryptocurrency Technologies Lab,1
BT415T,Smart Contracts,3
BT415P,Smart Contracts Lab,1
BT417T,Blockchain for Cyber Security,3
BT417P,Blockchain for Cyber Security Lab,1
BT419T,Blockchain Technology in Web Development,3
BT419P,Blockchain Technology in Web Development Lab,1
IOT324T,Introduction to Internet of Things,3
IOT324P,Introduction to Internet of Things Lab,1
IOT326T,Introduction to Sensors and Transducers,3
IOT326P,Introduction to Sensors and Transducers Lab,1
ES328T,Embedded Linux,3
ES328P,Embedded Linux Lab,1
IOT330T,Programming in Python,3
IOT330P,Programming in Python Lab,1
IOT332T,Wireless Sensor Networks,3
IOT332P,Wireless Sensor Networks Lab,1
CS423T,Cyber Security and Forensics,3
CS423P,Cyber Security and Forensics Lab,1
IOT441T,"IoT with Arduino, ESP and Raspberry Pi",3
IOT441P,"IoT with Arduino, ESP and Raspberry Pi Lab",1
IOT443T,Design of Smart Systems,3
IOT443P,Design of Smart Systems Lab,1
IOT445T,Internet of Things Industrial and Medical Case Studies,3
IOT445P,Internet of Things Industrial and Medical Case Studies Lab,1
IOT447T,Internet of Things Frameworks,3
IOT447P,Internet of Things Frameworks Lab,1
IOT449,Privacy and Security issues in IoT,4
NET344T,Advanced Computer Networks and Administration,3
NET344P,Advanced Computer Networks and Administration Lab,1
NET346T,Linux System Administration,3
NET346P,Linux System Administration Lab,1
NET471T,Network Programming,3
NET471P,Network Programming Lab,1
NET473T,Cloud Computing and Security,3
NET473P,Cloud Computing and Security Lab,1
NET475T,Wireless Sensor Networks,3
NET475P,Wireless Sensor Networks Lab,1
CS310T,Information Theory and Coding,3
CS310P,Information Theory and Coding Lab,1
CS312T,Network Security and Cryptography,3
CS312P,Network Security and Cryptography Lab,1
CS314T,Network Security Issues and Challenges,3
CS314P,Network Security Issues and Challenges Lab,1
CS421T,Cyber Crime and Cyber Laws,3
CS421P,Cyber Crime and Cyber Laws Lab,1
CS425T,Ethical Hacking,3
CS425P,Ethical Hacking Lab,1
ML348T,Artificial Neural Networks and Deep Learning,3
ML348P,Artificial Neural Networks and Deep Learning Lab,1
SC477T,Fuzzy Systems and Applications,3
SC477P,Fuzzy Systems and Applications Lab,1
SC479T,Global Optimization Methods,3
SC479P,Global Optimization Methods Lab,1
SC481T,Soft Computing and Expert Systems,3
SC481P,Soft Computing and Expert Systems Lab,1
DA338T,Data Analytics,3
DA338P,Data Analytics Lab,1
DS340T,Data Visualization,3
DS340P,Data Visualization Lab,1
ML342T,Machine Learning,3
ML342P,Machine Learning Lab,1
ML463T,Supervised and Deep Learning,3
ML463P,Supervised and Deep Learning Lab,1
ML465T,Unsupervised Learning,3
ML465P,Unsupervised Learning Lab,1
ML467T,Machine Learning and Data Analytics Case Studies,3
ML467P,Machine Learning and Data Analytics Case Studies Lab,1
ML469T,Machine Learning and Data Analytics Frameworks,3
ML469P,Machine Learning and Data Analytics Frameworks Lab,1
SE350T,"Software Measurements, Metrics and Modelling",3
SE350P,"Software Measurements, Metrics and Modelling Lab",1
SE352T,Service Oriented Architecture,3
SE352P,Service Oriented Architecture Lab,1
SE354T,Software Project Management,3
SE354P,Software Project Management Lab,1
SE483T,Mining Software Repositories and Predictive Modelling,3
SE483P,Mining Software Repositories and Predictive Modelling Lab,1
SE485,Software Security,4
SE487T,"Software Verification, Validation and Testing",3
SE487P,"Software Verification, Validation and Testing Lab",1
SE489,Software Engineering Standards,4
FSD318T,Advanced Java Programming,3
FSD318P,Advanced Java Programming Lab,1
FSD320T,Web Development using MEAN Stack,3
FSD320P,Web Development using MEAN Stack Lab,1
FSD322T,Web Development using MERN Stack,3
FSD322P,Web Development using MERN Stack Lab,1
FSD435T,PHP Programming and MySQL,3
FSD435P,PHP Programming and MySQL Lab,1
FSD437T,Mobile App Development,3
FSD437P,Mobile App Development Lab,1
FSD439T,Web and Mobile Application Testing and Deployment,3
FSD439P,Web and Mobile Application Testing and Deployment Lab,1
IPCV334T,Digital Image Processing,3
IPCV334P,Digital Image Processing Lab,1
IPCV356T,Digital Signal and Image Processing,3
IPCV356P,Digital Signal and Image Processing Lab,1
IPCV336T,Pattern Recognition,3
IPCV336P,Pattern Recognition Lab,1
IPCV451T,Computer Vision,3
IPCV451P,Computer Vision Lab,1
IPCV453T,Biometrics,3
IPCV453P,Biometrics Lab,1
IPCV455T,"Medical Image Processing, Analysis and Reconstruction",3
IPCV455P,"Medical Image Processing, Analysis and Reconstruction Lab",1
IPCV457T,Remote Sensing Image Analysis and Classification,3
IPCV457P,Remote Sensing Image Analysis and Classification Lab,1
IPCV459T,Deep Learning for Image Processing and Computer Vision,3
IPCV459P,Deep Learning for Image Processing and Computer Vision Lab,1
IPCV461T,Machine Learning for Image and Vision Analysis,3
IPCV461P,Machine Learning for Image and Vision Analysis Lab,1
RA324T,Robot Kinematics and Dynamics,3
RA324P,Robot Kinematics and Dynamics Lab,1
RA437T,Robot Actuation Systems,3
RA437P,Robot Actuation Systems Lab,1
RA439T,Control Hardware and Interfacing,3
RA439P,Control Hardware and Interfacing Lab,1
RA441T,AI in Robotics,3
RA441P,AI in Robotics Lab,1
ES302T,Microprocessors and Interfacing,3
ES302P,Microprocessors and Interfacing Lab,1
ES308T,Introduction to Data Communication and Networking,3
ES308P,Introduction to Data Communication and Networking Lab,1
ES310T,Advanced Microprocessors (ARM) & Interfacing,3
ES310P,Advanced Microprocessors (ARM) & Interfacing Lab,1
ES304,Real Time Operating Systems,4
ES306T,Embedded System Architecture and Design,3
ES306P,Embedded System Architecture and Design Lab,1
ES401T,Programming in C for Embedded Systems,3
ES401P,Programming in C for Embedded Systems Lab,1
ES403T,VHDL Programming,3
ES403P,VHDL Programming Lab,1
ES405T,Real Time Embedded System Programming,3
ES405P,Real Time Embedded System Programming Lab,1
ES407T,Embedded Linux,3
ES407P,Embedded Linux Lab,1
IOT409T,Introduction to Sensors and Transducers,3
IOT409P,Introduction to Sensors and Transducers Lab,1
ES411T,Logic Design and Analysis using Verilog,3
ES411P,Logic Design and Analysis using Verilog Lab,1
VLSI328T,Semiconductor Devices and Modelling,3
VLSI328P,Semiconductor Devices and Modelling Lab,1
VLSI330T,VLSI,3
VLSI330P,VLSI Lab,1
VLSI443T,CMOS Analog Integrated Circuit Design,3
VLSI443P,CMOS Analog Integrated Circuit Design Lab,1
VLSI445T,CMOS Digital Circuits Design,3
VLSI445P,CMOS Digital Circuits Design Lab,1
VLSI447,CMOS Mixed Signal Circuit Design,4
VLSI449T,Low Power VLSI Design,3
VLSI449P,Low Power VLSI Design Lab,1
VLSI451,VLSI Testing,4
MT312T,Energy Storage Systems in Microgrids,3
MT312P,Energy Storage Systems in Microgrids Lab,1
MT314T,Modeling and Analysis of Microgrids,3
MT314P,Modeling and Analysis of Microgrids Lab,1
MT419T,Microgrid Stability Assessment and Protection,3
MT419P,Microgrid Stability Assessment and Protection Lab,1
MT421T,Human Machine Interface for Microgrids,3
MT421P,Human Machine Interface for Microgrids Lab,1
MT423T,Power Quality for Microgrids,3
MT423P,Power Quality for Microgrids Lab,1
CI306T,PLC and SCADA Systems,3
CI306P,PLC and SCADA Systems Lab,1
CI407T,Advanced Control Systems for Instrumentation,3
CI407P,Advanced Control Systems for Instrumentation Lab,1
CI409T,Neuro Fuzzy Systems,3
CI409P,Neuro Fuzzy Systems Lab,1
CI411T,Non-linear System Design,3
CI411P,Non-linear System Design Lab,1
WMC332T,Optical Networks,3
WMC332P,Optical Networks Lab,1
WMC334T,Random Processes and Stochastic Systems,3
WMC334P,Random Processes and Stochastic Systems Lab,1
WMC336T,Wireless Communication and Networks,3
WMC336P,Wireless Communication and Networks Lab,1
WMC338T,Cellular and Mobile Communication,3
WMC338P,Cellular and Mobile Communication Lab,1
WMC453T,Ad hoc and Sensor Networks,3
WMC453P,Ad hoc and Sensor Networks Lab,1
WMC455T,Mobile Computing,3
WMC455P,Mobile Computing Lab,1
WMC457,Cognitive Radio & Networks,4
WMC459,Privacy and Security in Wireless Networks,4
PS320T,"Electricity Generation, Transmission and Utilization",3
PS320P,"Electricity Generation, Transmission and Utilization Lab",1
PS322T,EHVAC and HVDC Transmission,3
PS322P,EHVAC and HVDC Transmission Lab,1
PS431T,Power System Operation and Control,3
PS431P,Power System Operation and Control Lab,1
PS433T,Flexible AC Transmission System,3
PS433P,Flexible AC Transmission System Lab,1
PS435T,Power System Analysis and Stability,3
PS435P,Power System Analysis and Stability Lab,1
CADM302T,Introduction to CAD/CAM,3
CADM302P,Introduction to CAD/CAM Lab,1
CADM304T,Injection Moulding and Mould Design,3
CADM304P,Injection Moulding and Mould Design Lab,1
CADM401T,Computational Fluid Dynamics,3
CADM401P,Computational Fluid Dynamics Lab,1
CADM403T,Computer Aided Design and Drafting,3
CADM403P,Computer Aided Design and Drafting Lab,1
CADM405T,Industrial Robotics,3
CADM405P,Industrial Robotics Lab,1
PED316T,Advanced Power Electronic Converters,3
PED316P,Advanced Power Electronic Converters Lab,1
PED318T,Industrial Control Electronics,3
PED318P,Industrial Control Electronics Lab,1
PED425T,Switch Mode Power Conversion,3
PED425P,Switch Mode Power Conversion Lab,1
PED427T,Solid State Drives,3
PED427P,Solid State Drives Lab,1
PED429T,Solar Photovoltaic Systems,3
PED429P,Solar Photovoltaic Systems Lab,1
DMS312T,Industrial Tribology,3
DMS312P,Industrial Tribology Lab,1
DMS314T,Quality Management & Quality Control,3
DMS314P,Quality Management & Quality Control Lab,1
DMS419T,Fracture Mechanics,3
DMS419P,Fracture Mechanics Lab,1
DMS421T,Advance Manufacturing Process,3
DMS421P,Advance Manufacturing Process Lab,1
DMS423T,Pressure Vessels and Piping Technology,3
DMS423P,Pressure Vessels and Piping Technology Lab,1
EV308T,Electric Vehicle Powertrain and Motor Design,3
EV308P,Electric Vehicle Powertrain and Motor Design Lab,1
EV310T,Battery Management Systems,3
EV310P,Battery Management Systems Lab,1
EV413T,EV Charging Infrastructure Technology,3
EV413P,EV Charging Infrastructure Technology Lab,1
EV415,Economics and Policies of e-Mobility,4
EV417T,Embedded Systems for Electric Vehicles,3
EV417P,Embedded Systems for Electric Vehicles Lab,1
DT316T,Automobile Engineering,3
DT316P,Automobile Engineering Lab,1
DT425T,Mechanical Vibrations,3
DT425P,Mechanical Vibrations Lab,1
DT427T,Industrial Tribology,3
DT427P,Industrial Tribology Lab,1
CEC308,Contract Management,4
CEC310,Advanced Construction Materials and Practices,4
CEC413,Quality and Safety Management,4
CEC415,Lean Construction Technology and Management,4
CEC417,Recent Construction Technologies,4
TES330T,Cryogenic Engineering,3
TES330P,Cryogenic Engineering Lab,1
TES332T,Energy Systems and Technologies,3
TES332P,Energy Systems and Technologies Lab,1
TES447T,Compressible Flow and Jet Propulsion,3
TES447P,Compressible Flow and Jet Propulsion Lab,1
TES449T,Green Energy Technology,3
TES449P,Green Energy Technology Lab,1
TES451T,Advanced IC Engines,3
TES451P,Advanced IC Engines Lab,1
IE322,Water Resource Planning,4
IE324,Advanced Environmental Engineering and Design,4
IE435,Metro Systems Engineering,4
IE437T,Transport Planning and Intelligent Transportation System,3
IE437P,Transport Planning and Intelligent Transportation System Lab,1
IE439,Analysis and Design of High-rise Buildings and Bridges,4
QM326T,Supply Chain Management,3
QM326P,Supply Chain Management Lab,1
QM328T,Flexible Manufacturing Systems,3
QM328P,Flexible Manufacturing Systems Lab,1
QM441T,Total Quality Management,3
QM441P,Total Quality Management Lab,1
QM443T,Statistical Quality Control,3
QM443P,Statistical Quality Control Lab,1
QM445,Organizational Behaviour,4
GTSE318,Planning and Design of Green Buildings,4
GTSE320,Sustainable Materials and Practices,4
GTSE429,Green Energy Concepts in Smart Cities,4
GTSE431,Intelligent Transportation System,4
GTSE433,Sustainable Engineering Technologies,4
OCSE306T,C++ Programming,3
OCSE306P,C++ Programming Lab,1
OCSE308,Digital Logic and Computer Design,4
OCSE310T,Data Structures and Algorithms,3
OCSE310P,Data Structures and Algorithms Lab,1
OCSE342T,Programming in Java,3
OCSE342P,Programming in Java Lab,1
OCSE407T,Introduction to Database Management Systems,3
OCSE407P,Introduction to Database Management Systems Lab,1
OCSE409,Operating Systems,4
OCSE411T,Introduction to Computer Networks,3
OCSE411P,Introduction to Computer Networks Lab,1
OCSE413T,Introduction to Software Engineering,3
OCSE413P,Introduction to Software Engineering Lab,1
OECE312T,Introduction to Circuits and Systems,3
OECE312P,Introduction to Circuits and Systems Lab,1
OECE344T,Introduction to Analog Electronics,3
OECE344P,Introduction to Analog Electronics Lab,1
OECE314T,Electronic Devices and Circuits,3
OECE314P,Electronic Devices and Circuits Lab,1
OECE415,Digital Logic and Computer Design,4
OECE417T,Microprocessors and Interfacing,3
OECE417P,Microprocessors and Interfacing Lab,1
OECE419T,Analog and Digital Communications,3
OECE419P,Analog and Digital Communications Lab,1
OECE421T,Wireless Sensor Networks,3
OECE421P,Wireless Sensor Networks Lab,1
OECE423,Control Systems,4
OECE425T,Introduction to Computer Networks,3
OECE425P,Introduction to Computer Networks Lab,1
OEE316T,Introduction to Circuits and Systems,3
OEE316P,Introduction to Circuits and Systems Lab,1
OEE346T,Introduction to Analog Electronics,3
OEE346P,Introduction to Analog Electronics Lab,1
OEE318T,Introduction to Electrical Machines,3
OEE318P,Introduction to Electrical Machines Lab,1
OEE427T,Control Systems for Electrical Engineering,3
OEE427P,Control Systems for Electrical Engineering Lab,1
OEE429T,"Generation, Transmission and Distribution",3
OEE429P,"Generation, Transmission and Distribution Lab",1
OEE431T,Introduction to Power Electronics,3
OEE431P,Introduction to Power Electronics Lab,1
OSD328T,C++ Programming,3
OSD328P,C++ Programming Lab,1
OSD330T,Programming in Windows Environment,3
OSD330P,Programming in Windows Environment Lab,1
OSD332T,Programming in Java,3
OSD332P,Programming in Java Lab,1
OSD334T,Android App Development,3
OSD334P,Android App Development Lab,1
OSD336T,Introduction to Database Management Systems,3
OSD336P,Introduction to Database Management Systems Lab,1
OSD445T,Data Structures and Algorithms,3
OSD445P,Data Structures and Algorithms Lab,1
OSD447T,Project Management,3
OSD447P,Project Management Lab,1
OSD449T,Design Patterns,3
OSD449P,Design Patterns Lab,1
OSD451T,Introduction to Software Engineering,3
OSD451P,Introduction to Software Engineering Lab,1
OSD453T,Advanced Java Programming,3
OSD453P,Advanced Java Programming Lab,1
OSD455T,Programming in Linux Environment,3
OSD455P,Programming in Linux Environment Lab,1
OME324T,Theory of Machines,3
OME324P,Theory of Machines Lab,1
OME326T,Materials and Machine Technology,3
OME326P,Materials and Machine Technology Lab,1
OME439T,Fluids and Thermal Engineering,3
OME439P,Fluids and Thermal Engineering Lab,1
OME441T,Mechanics and Design of Solids,3
OME441P,Mechanics and Design of Solids Lab,1
OME443T,Automation in Manufacturing,3
OME443P,Automation in Manufacturing Lab,1
OICE320T,Introduction to Sensors and Transducers,3
OICE320P,Introduction to Sensors and Transducers Lab,1
OICE322T,Measurement and Control,3
OICE322P,Measurement and Control Lab,1
OICE433,Process Control,4
OICE435T,Introduction to Industrial Instrumentation,3
OICE435P,Introduction to Industrial Instrumentation Lab,1
OICE437T,Bio Medical Instrumentation,3
OICE437P,Bio Medical Instrumentation Lab,1
OCE302,Structural Analysis and Design,4
OCE304,Pipe and Open Channel Hydraulics,4
OCE401,Green Building Construction Materials and Practices,4
OCE403,Public Health Engineering,4
OCE405,Geotechnical and Transportation Engineering,4
OUHV338,"Understanding Human Being, Nature and Existence Comprehensively",4
OUHV340,Vision for Humane Society,4
OUHV457,Human Values and Madhyasth Darshan,4
OUHV459,Human Values in Buddh and Jain Darshan,4
OUHV461,"Human Values in Vedic Darshan (Sankhya, Yoga and Vedanta)",4
OUHV463,Holistic Human Health,4
OUHV465,Human Sociology,4
OUHV467,Human Economics,4